{"loss": [0.0450325533747673, 0.021382616832852364, 0.045427463948726654, 0.017647938802838326, 0.02413368597626686, 0.0190680343657732, 0.02593247964978218, 0.061039090156555176, 0.026335710659623146, 0.08246791362762451], "accuracy": [0.9937499761581421, 0.9937499761581421, 0.9750000238418579, 0.9937499761581421, 0.987500011920929, 0.9937499761581421, 0.987500011920929, 0.987500011920929, 0.9937499761581421, 0.987500011920929], "val_loss": [0.04370851442217827, 0.04074713960289955, 0.06625063717365265, 0.09469100087881088, 0.06812462210655212, 0.049866169691085815, 0.040790997445583344, 0.051597386598587036, 0.12360282242298126, 0.0776429995894432], "val_accuracy": [0.9750000238418579, 0.9750000238418579, 0.9750000238418579, 0.9750000238418579, 0.9750000238418579, 0.9750000238418579, 0.949999988079071, 0.9750000238418579, 0.9750000238418579, 0.9750000238418579]}